0.3555,0.4976,-0.1822
0.4489,0.5683,-0.1263
0.5617,0.7175,0.1137
0.5583,0.7125,0.1103
0.1165,0.2162,-0.4156
0.4557,0.5916,-0.0815
0.5843,0.8514,0.1076
0.4881,0.6948,0.0415
0.2340,0.3616,-0.3091
0.1813,0.2352,-0.3976
0.4207,0.6344,-0.1331
0.5703,0.9157,0.1662
0.4702,0.7020,0.0073
0.4654,0.7081,-0.0297
0.3876,0.6210,-0.1264
0.3423,0.5646,-0.1169
0.1767,0.2783,-0.4033
0.5119,0.7778,0.0928
0.4324,0.6700,-0.0521
0.4253,0.6424,-0.0808
0.4493,0.7141,0.0542
0.1691,0.3712,-0.3037
0.5253,0.8035,0.1341
0.2897,0.4297,-0.2847
0.4797,0.8249,0.1095
0.5721,0.8172,0.1777
0.1255,0.3951,-0.3234
0.2584,0.5613,-0.1091
0.3994,0.7426,-0.0422
0.1221,0.2814,-0.3945
0.2245,0.4636,-0.1991
0.2751,0.4365,-0.2950
0.1474,0.3442,-0.3903
0.2558,0.4902,-0.2191
0.2641,0.5049,-0.1660
0.2412,0.4728,-0.2091
0.3481,0.6719,-0.0436
0.4553,0.8560,0.0925
0.3500,0.6996,-0.0491
0.5490,0.8906,0.1628
0.2068,0.4745,-0.2105
0.3236,0.7061,-0.0498
0.2996,0.6292,-0.1153
0.2110,0.6158,-0.1507
0.2316,0.6047,-0.1460
0.5278,0.8842,0.1442
0.4643,0.8799,0.0727
0.2455,0.6209,-0.1999
0.3008,0.6754,-0.1606
0.1704,0.4029,-0.3418
0.4693,0.8046,0.0043
0.4124,0.8691,0.0520
0.4191,0.7954,0.0959
0.2671,0.6458,-0.1214
0.1071,0.4255,-0.3209
0.2479,0.5356,-0.1553
0.1002,0.4586,-0.3177
0.4040,0.8613,0.0425
0.2232,0.6878,-0.1150
0.2630,0.6943,-0.0824
0.5105,0.9576,0.2115
0.2919,0.7682,0.0402
0.1656,0.5578,-0.2356
0.1962,0.5901,-0.1961
0.1667,0.5275,-0.2204
0.1352,0.5727,-0.2210
0.4392,0.9653,0.2283
0.1699,0.5759,-0.2300
0.1754,0.5926,-0.2249
0.2599,0.7900,0.0506
-0.0124,0.4075,-0.3861
0.3699,0.8773,0.0476
0.2329,0.6596,-0.0922
0.1037,0.5505,-0.2889
0.2510,0.8235,-0.0119
0.0955,0.5959,-0.1930
0.0372,0.4421,-0.3243
0.4372,0.9559,0.1568
0.0325,0.4802,-0.3150
0.0131,0.4250,-0.3596
-0.0222,0.4179,-0.3805
0.0585,0.5331,-0.2437
0.4037,1.0057,0.1780
0.1268,0.6652,-0.1603
0.3008,0.8214,0.0297
0.3212,0.8578,0.0388
0.2015,0.8161,-0.0467
0.2336,0.7492,-0.0673
0.0526,0.6065,-0.2515
0.2728,0.8745,0.0944
0.3191,0.8880,0.1163
0.1010,0.6038,-0.1616
0.1785,0.8078,0.0166
0.3494,1.0554,0.2104
-0.0912,0.4298,-0.3864
0.1529,0.7450,-0.0455
0.2899,0.8783,0.0339
0.2508,0.8612,0.0484
0.0166,0.5268,-0.2197
-0.0849,0.4480,-0.3421
0.1694,0.8227,0.0351
-0.0055,0.5602,-0.2687
0.1243,0.7663,-0.1024
0.0558,0.6093,-0.2186
0.0276,0.5279,-0.2349
0.2747,1.0380,0.2366
-0.1097,0.4409,-0.3543
0.1374,0.8717,-0.0358
0.3229,1.1148,0.2184
0.1500,0.8327,-0.0031
-0.0789,0.4685,-0.3654
0.3115,1.0135,0.2050
0.3774,1.0310,0.2159
0.0027,0.6069,-0.3171
-0.1112,0.4721,-0.2943
0.3081,0.9912,0.1835
0.1252,0.8472,-0.0043
0.1698,0.8361,0.0164
-0.0980,0.5468,-0.2966
0.2626,1.0506,0.1770
0.0005,0.6655,-0.1672
0.0211,0.7174,-0.0989
0.1412,0.8177,0.0658
0.0447,0.7434,-0.0395
-0.0766,0.5796,-0.2100
-0.1395,0.5289,-0.2219
0.0885,0.7845,0.0077
0.0134,0.7273,-0.0435
-0.0584,0.6008,-0.1845
0.0849,0.7434,-0.1029
-0.1456,0.5573,-0.2756
-0.0375,0.6355,-0.1654
0.1703,0.9883,0.2232
0.0946,0.8544,0.1175
0.1916,1.0360,0.2097
-0.1666,0.4854,-0.3469
0.1033,0.8897,0.1555
-0.1924,0.5850,-0.2450
0.0077,0.7662,0.0914
0.1135,0.9410,0.1309
0.1311,0.8888,0.1289
0.0430,0.7765,-0.0125
0.2575,1.0860,0.3441
-0.1582,0.6436,-0.1391
-0.0755,0.7154,-0.1005
-0.1847,0.5189,-0.2136
0.1487,0.9691,0.2350
-0.1021,0.7048,-0.1489
0.2172,1.1089,0.3015
0.2019,1.1519,0.2675
-0.2242,0.5877,-0.1350
-0.1662,0.6030,-0.1637
-0.1233,0.6735,-0.1146
0.0484,0.8990,0.2029
-0.0387,0.7374,0.0491
-0.1424,0.7096,-0.1451
0.0266,0.7799,0.0968
0.1169,1.0530,0.2605
-0.1047,0.7480,-0.0256
0.1746,1.0233,0.2469
0.0184,0.8729,0.0830
-0.0825,0.7458,-0.0020
-0.1979,0.6416,-0.0869
-0.3422,0.4993,-0.2447
0.0023,0.8492,0.0523
-0.1458,0.7198,0.0076
-0.3148,0.5262,-0.2426
-0.2399,0.5749,-0.1509
0.0622,0.9791,0.2266
-0.2090,0.5587,-0.1713
0.1178,0.9983,0.2183
0.1052,1.0538,0.2978
0.0962,0.9905,0.2180
-0.2175,0.6731,-0.0644
0.0686,1.0302,0.2490
0.0864,1.0410,0.2563
0.0706,0.9490,0.1795
-0.2219,0.6896,-0.1130
-0.0608,0.8487,0.1286
0.0629,1.0502,0.3111
-0.2310,0.6167,-0.0990
0.0767,1.0416,0.3741
-0.2567,0.6900,-0.0704
0.1331,1.0836,0.3913
-0.3124,0.5590,-0.2094
0.1140,1.1033,0.4113
-0.0553,0.8503,0.1858
-0.0082,0.9145,0.2115
0.0221,0.9610,0.2803
0.0362,1.0635,0.3730
-0.0856,0.8560,0.2077
-0.1234,0.8667,0.1622
-0.3361,0.5630,-0.1210
-0.0299,1.0322,0.2694
-0.0087,1.0079,0.3388
-0.1936,0.8359,0.1317
-0.3463,0.5077,-0.0780
-0.1275,0.7952,0.0986
-0.3718,0.5161,-0.1071
-0.0183,1.0254,0.2674
-0.4343,0.4679,-0.1516
-0.0642,0.9383,0.3945
-0.3353,0.5958,-0.0358
-0.3523,0.5071,-0.1388
-0.3862,0.6069,-0.1170
-0.1679,0.8509,0.1861
-0.0679,0.9016,0.3107
0.0204,1.0806,0.4168
-0.3690,0.5630,-0.0187
-0.2621,0.7101,0.1781
-0.3792,0.5766,-0.0277
-0.1310,0.9286,0.3319
-0.2968,0.7233,0.1237
-0.1013,0.9976,0.3543
-0.2015,0.7667,0.1235
-0.3873,0.5214,-0.0859
-0.3859,0.5007,-0.0975
-0.3996,0.5312,-0.0353
-0.3279,0.5983,0.0664
-0.1017,0.9030,0.2854
-0.0229,0.9328,0.3383
-0.4102,0.5029,-0.0621
-0.0497,0.9585,0.4308
-0.2590,0.7445,0.1382
-0.2834,0.7288,0.1778
-0.0566,1.0302,0.4261
-0.2407,0.8817,0.3001
-0.0276,1.0429,0.4506
-0.2390,0.8050,0.2461
-0.4177,0.5624,-0.0152
-0.4832,0.5371,-0.0586
-0.1540,0.9166,0.3937
-0.1462,1.0338,0.4588
-0.3881,0.5815,0.0945
-0.1835,0.8117,0.2885
-0.2624,0.7753,0.2570
-0.2605,0.8040,0.2805
-0.5287,0.4594,-0.0546
-0.0981,0.9530,0.4055
-0.0521,1.0457,0.4814
-0.1324,0.9251,0.4797
-0.3817,0.6047,0.1338
-0.0956,1.0090,0.4795
-0.3616,0.6651,0.2902
-0.0176,1.0481,0.5538
-0.3710,0.6722,0.2303
-0.1613,0.9629,0.4869
-0.2234,0.8246,0.3092
-0.3389,0.7069,0.2805
-0.2247,0.8513,0.4313
-0.2973,0.7465,0.2361
-0.5174,0.5031,0.0886
-0.5358,0.5101,0.0417
-0.3890,0.5659,0.1725
-0.2140,0.9004,0.4265
-0.1226,0.9927,0.5823
-0.4881,0.5612,0.1666
-0.1086,0.9571,0.5407
-0.3573,0.7645,0.3841
-0.5040,0.5156,0.0846
-0.4861,0.4956,0.1438
-0.2837,0.7277,0.3968
-0.3754,0.7134,0.3232
-0.4109,0.6045,0.1301
-0.2021,0.8555,0.5382
-0.5825,0.3799,0.0673
-0.3577,0.6926,0.3368
-0.4589,0.6353,0.3119
-0.3476,0.6630,0.3338
-0.1215,0.9869,0.6721
-0.5181,0.4408,0.1930
-0.5603,0.4133,0.0771
-0.2893,0.8512,0.5024
-0.4424,0.5358,0.2601
-0.1658,1.0128,0.6990
-0.4494,0.5005,0.2587
-0.3896,0.7284,0.4424
-0.1966,0.9416,0.6235
-0.2222,0.9217,0.6176
-0.4964,0.5204,0.1995
-0.5668,0.4155,0.1973
-0.1266,0.9342,0.6521
-0.3466,0.7099,0.4400
-0.2634,0.8648,0.5390
-0.5552,0.3740,0.2075
-0.3007,0.8226,0.5242
-0.3500,0.6898,0.4288
-0.4698,0.5195,0.3137
-0.5658,0.4179,0.1838
-0.5279,0.4959,0.2976
-0.1569,0.9607,0.7062
-0.5411,0.4100,0.2880
-0.2920,0.7392,0.5908
-0.5272,0.4613,0.2892
-0.2344,0.8897,0.6575
-0.3528,0.6275,0.3958
-0.3533,0.6689,0.5158
-0.5312,0.4566,0.2892
-0.2138,0.8736,0.6558
-0.3103,0.7278,0.5200
-0.6445,0.3181,0.1785
-0.2551,0.7439,0.5006
-0.4270,0.5596,0.3907
-0.1753,0.8266,0.7132
-0.3996,0.6071,0.5264
-0.5552,0.3790,0.3234
-0.4343,0.5067,0.4292
-0.4422,0.6355,0.4977
-0.5319,0.4116,0.3636
-0.3966,0.5869,0.5563
-0.6004,0.3068,0.2339
-0.5646,0.3516,0.3392
-0.4257,0.5653,0.4812
-0.3268,0.7246,0.6455
-0.5026,0.3915,0.3221
-0.3290,0.7320,0.7107
-0.5456,0.3702,0.3184
-0.5980,0.3431,0.3920
-0.2156,0.8384,0.8320
-0.4758,0.4874,0.4330
-0.2205,0.8950,0.8181
-0.5471,0.3455,0.3759
-0.4524,0.5182,0.5233
-0.1888,0.8802,0.8463
-0.6780,0.2167,0.2789
-0.4639,0.5046,0.4979
-0.4039,0.6718,0.6384
-0.3192,0.7050,0.6954
-0.1373,0.8459,0.8715
-0.4070,0.6009,0.6503
-0.5460,0.3213,0.4254
-0.3473,0.6264,0.6660
-0.2974,0.7171,0.6917
-0.3336,0.6611,0.6555
-0.3129,0.6463,0.7772
-0.3603,0.6667,0.7560
-0.5096,0.4570,0.4771
-0.1603,0.8058,0.9147
-0.2389,0.7317,0.8179
-0.6054,0.2932,0.4430
-0.4898,0.3765,0.5198
-0.4706,0.4505,0.5383
-0.3025,0.5925,0.7751
-0.2667,0.7194,0.8174
-0.5430,0.2485,0.4800
-0.3084,0.5820,0.8228
-0.6244,0.2178,0.3491
-0.5033,0.3820,0.5697
-0.4765,0.4212,0.5735
-0.6703,0.1533,0.3801
-0.5777,0.2451,0.4955
-0.2191,0.7501,0.9200
-0.6446,0.1834,0.3590
-0.4123,0.4545,0.7056
-0.2988,0.6352,0.7953
-0.3365,0.5115,0.7290
-0.4448,0.3914,0.6509
-0.4817,0.4120,0.6157
-0.2174,0.6396,0.8858
-0.6013,0.1655,0.3286
-0.4632,0.2675,0.4880
-0.5320,0.2363,0.5430
-0.6414,0.1823,0.4715
-0.5877,0.2094,0.5709
-0.1925,0.6716,0.9515
-0.2382,0.7117,0.9533
-0.6435,0.1701,0.4517
-0.5479,0.2117,0.5487
-0.4436,0.3572,0.5876
-0.5083,0.2170,0.5986
-0.2528,0.5894,0.9270
-0.4734,0.2300,0.5721
-0.4998,0.3296,0.6570
-0.3962,0.4532,0.7491
-0.6294,0.1404,0.4952
-0.4636,0.2747,0.6514
-0.3639,0.4274,0.7990
-0.2226,0.5705,1.0330
-0.5871,0.1474,0.4979
-0.5747,0.1616,0.5455
-0.1696,0.6295,1.0599
-0.5294,0.1358,0.5614
-0.4664,0.3376,0.7652
-0.6021,0.0419,0.5514
-0.3788,0.3427,0.7209
-0.4763,0.2091,0.6508
-0.2621,0.5482,0.8965
-0.3047,0.4456,0.8864
-0.4824,0.1652,0.6208
-0.3757,0.3211,0.7297
-0.1861,0.4939,0.9786
-0.3947,0.2761,0.7839
-0.5422,0.2147,0.6668
-0.3073,0.3045,0.7909
-0.4798,0.0848,0.6041
-0.1618,0.5303,1.0839
-0.2872,0.4473,0.9647
-0.5260,0.0417,0.5467
-0.5712,0.0122,0.5670
-0.5246,0.1470,0.6610
-0.2411,0.4947,0.9495
-0.3511,0.3499,0.8585
-0.2097,0.4927,1.0002
-0.5654,-0.0092,0.6005
-0.2234,0.4991,1.0306
-0.1931,0.4979,1.0378
-0.2801,0.3119,0.8450
-0.3841,0.2215,0.8320
-0.1484,0.5202,1.0469
-0.1398,0.6036,1.1066
-0.2869,0.3392,0.8926
-0.3651,0.1950,0.8738
-0.4129,0.1604,0.8039
-0.3515,0.2075,0.7578
-0.0975,0.4793,1.0843
-0.4961,-0.0131,0.6621
-0.5051,0.0668,0.7238
-0.4249,0.2191,0.8413
-0.1471,0.4744,1.0887
-0.4672,0.1093,0.7585
-0.4548,-0.0293,0.6917
-0.5181,-0.0605,0.6147
-0.6148,-0.1236,0.5381
-0.1727,0.4520,1.0825
-0.1329,0.4323,1.0614
-0.2399,0.2677,0.9433
-0.4196,0.1574,0.8723
-0.1763,0.3565,1.0644
-0.3341,0.1861,0.8723
-0.1433,0.4171,1.1285
-0.3960,0.0519,0.8068
-0.5439,-0.0992,0.6694
-0.5630,-0.1537,0.7067
-0.2047,0.2844,1.0198
-0.3582,0.1101,0.8263
-0.4203,-0.0228,0.7019
-0.1368,0.4038,1.0875
-0.0348,0.4518,1.1446
-0.1809,0.2775,1.0276
-0.3687,0.0247,0.9205
-0.3514,0.1467,0.9395
-0.0638,0.4106,1.1667
-0.1501,0.3705,1.1008
-0.2363,0.1805,0.9811
-0.3189,0.0669,0.8561
-0.1141,0.4365,1.1828
-0.2071,0.2283,1.0527
-0.1899,0.1716,1.0873
-0.3902,-0.0956,0.7946
-0.3388,-0.0293,0.8155
-0.1177,0.3049,1.0953
0.0030,0.4628,1.2231
-0.1558,0.2166,1.1331
-0.2349,0.0973,0.8983
-0.3629,-0.1198,0.8399
-0.2627,0.1233,1.0075
-0.0999,0.2586,1.1307
-0.1007,0.2797,1.1669
-0.3768,-0.1522,0.7561
-0.0771,0.2773,1.1189
-0.2188,-0.0441,0.9049
-0.1830,0.0585,0.9954
-0.0344,0.3264,1.2740
-0.4023,-0.1968,0.6841
-0.2116,0.0166,0.9541
-0.2346,0.0490,0.9130
-0.3642,-0.1437,0.7448
-0.1043,0.1570,1.0371
-0.3001,-0.0984,0.9112
0.0517,0.2944,1.2037
-0.4092,-0.2586,0.6699
0.0767,0.2549,1.2224
-0.3425,-0.1512,0.8221
-0.0626,0.1665,1.1040
-0.1668,-0.0607,0.9248
-0.1065,0.1231,1.0682
-0.2096,-0.0594,0.9587
-0.2054,-0.0995,0.9447
-0.3263,-0.2481,0.8049
-0.2635,-0.1445,0.8991
-0.1071,0.0350,1.0951
-0.4043,-0.3472,0.7155
-0.3654,-0.3245,0.7056
0.0519,0.2477,1.2091
-0.2881,-0.2385,0.8343
-0.2712,-0.2707,0.7983
-0.3257,-0.3537,0.6988
-0.0627,0.0858,1.0721
-0.2478,-0.2533,0.8270
-0.2723,-0.2535,0.7475
-0.2906,-0.2629,0.7829
-0.3192,-0.3200,0.7046
-0.0083,-0.0137,0.9890
-0.2843,-0.3464,0.7383
-0.2280,-0.1898,0.8090
-0.1885,-0.1930,0.9175
0.1244,0.1231,1.2370
0.0760,0.0872,1.1963
0.0378,0.0847,1.1553
-0.0045,0.0326,1.0831
0.0441,0.0571,1.1392
0.1081,0.1077,1.1626
-0.0749,-0.1684,0.8932
-0.2341,-0.3554,0.7807
0.1424,0.0885,1.1969
-0.2795,-0.3961,0.7737
0.1268,0.0631,1.1525
-0.1573,-0.2354,0.8825
-0.3249,-0.4079,0.7680
-0.1202,-0.2219,0.9372
0.1510,0.0259,1.2660
0.0869,-0.0529,1.1436
-0.2764,-0.4997,0.7170
-0.1925,-0.3488,0.8079
0.2281,0.1165,1.1915
-0.1320,-0.3009,0.8701
-0.1578,-0.3983,0.8125
-0.0840,-0.2463,0.8860
0.0137,-0.1236,0.9924
0.1704,-0.0202,1.1665
0.0531,-0.0698,1.0534
0.0414,-0.2169,1.0379
-0.1334,-0.4140,0.7939
-0.1491,-0.3961,0.7645
-0.0966,-0.3700,0.8042
0.1276,-0.0253,1.1388
0.1268,0.0297,1.2339
-0.0442,-0.3107,0.9053
-0.0070,-0.3235,0.8713
0.0388,-0.2635,0.9510
0.2246,0.0303,1.1947
0.1209,-0.1744,1.0046
-0.1429,-0.4252,0.8006
-0.0137,-0.3096,0.9147
-0.1372,-0.4660,0.7449
-0.0984,-0.4007,0.7685
0.0387,-0.2766,0.8907
-0.0842,-0.4450,0.8010
0.0465,-0.2965,0.9159
0.2537,-0.1222,1.1244
0.0970,-0.2176,0.9698
0.2082,-0.0972,1.0822
0.3259,0.0159,1.2550
0.1864,-0.1595,1.1159
0.2325,-0.2268,1.0685
0.1665,-0.1816,1.0257
0.0149,-0.4056,0.8982
0.0992,-0.3269,0.9072
-0.0410,-0.4317,0.7948
0.1551,-0.2706,0.9530
0.2956,-0.2184,1.0830
0.3156,-0.0390,1.2062
0.3644,-0.0830,1.2064
0.3752,-0.0657,1.3125
0.1187,-0.3319,0.9502
-0.0662,-0.5490,0.7846
0.1088,-0.3106,0.9115
0.4662,0.0212,1.2517
0.0889,-0.4658,0.8364
0.0876,-0.3385,0.8873
0.1081,-0.3726,0.9437
0.2506,-0.2859,1.0018
0.2109,-0.3892,0.9307
0.0431,-0.5969,0.7286
0.1892,-0.3318,0.9714
0.2895,-0.1881,1.0648
0.4175,-0.1287,1.2505
-0.0237,-0.6498,0.6849
0.2438,-0.2532,1.0252
0.1295,-0.5184,0.7607
0.3729,-0.2065,1.0285
0.1593,-0.4681,0.8371
0.1960,-0.4765,0.8623
0.3898,-0.1442,1.1226
0.2770,-0.3120,0.9321
0.2640,-0.3730,0.9335
0.2659,-0.3607,0.9655
0.1400,-0.5517,0.7731
0.3280,-0.2836,0.9928
0.1046,-0.6807,0.6733
0.4290,-0.1641,1.1192
0.3268,-0.2926,0.9839
0.3248,-0.3089,0.9472
0.3919,-0.2583,1.0401
0.2937,-0.3549,1.0269
0.1649,-0.5958,0.6663
0.3112,-0.4389,0.8363
0.1489,-0.5953,0.6934
0.2568,-0.5424,0.7468
0.4786,-0.1639,1.0781
0.3939,-0.2987,1.0135
0.1330,-0.6732,0.6978
0.5832,-0.0587,1.2003
0.3551,-0.3444,0.8502
0.5554,-0.1902,1.1316
0.3497,-0.5315,0.8215
0.2826,-0.4949,0.7851
0.4051,-0.2705,1.0509
0.6491,-0.0301,1.2051
0.3829,-0.4019,0.8404
0.4526,-0.3484,0.9173
0.4654,-0.3540,1.0046
0.3868,-0.4749,0.7985
0.6047,-0.1467,1.0720
0.2307,-0.7085,0.6779
0.3366,-0.6310,0.6756
0.4299,-0.3364,0.9378
0.5076,-0.2776,1.0014
0.6063,-0.2560,1.0252
0.2632,-0.6972,0.6962
0.6165,-0.1485,1.0604
0.5595,-0.2745,1.0103
0.3206,-0.6223,0.7127
0.3064,-0.6066,0.6292
0.5394,-0.2540,0.9839
0.2943,-0.6591,0.6770
0.4158,-0.5200,0.8055
0.3428,-0.6512,0.6919
0.5041,-0.4232,0.9335
0.3839,-0.6378,0.5957
0.6961,-0.1837,1.1166
0.3540,-0.6610,0.6137
0.6914,-0.2288,1.0787
0.4716,-0.5789,0.6973
0.3778,-0.6304,0.6942
0.2982,-0.7222,0.5351
0.5782,-0.3809,0.9183
0.5496,-0.5048,0.7378
0.7480,-0.1315,1.1683
0.6043,-0.3917,0.8397
0.6780,-0.3194,0.9496
0.6417,-0.4640,0.8261
0.5219,-0.4707,0.7593
0.3791,-0.6849,0.5911
0.7875,-0.2350,1.1064
0.7851,-0.1488,1.0936
0.5640,-0.3926,0.8543
0.5503,-0.5062,0.7613
0.8508,-0.1548,1.0423
0.7705,-0.3052,1.0188
0.4152,-0.7520,0.5211
0.6352,-0.5055,0.7332
0.6328,-0.4876,0.7445
0.4807,-0.6992,0.5165
0.8675,-0.0977,1.0733
0.8134,-0.2913,0.9273
0.8267,-0.3796,0.8907
0.4306,-0.7182,0.5595
0.8903,-0.2207,0.9982
0.4937,-0.7042,0.4843
0.4953,-0.6251,0.6055
0.8612,-0.1435,1.0576
0.7011,-0.4024,0.8361
0.7671,-0.3084,0.8904
0.7147,-0.3889,0.7628
0.6856,-0.4720,0.7267
0.5975,-0.6030,0.6086
0.8355,-0.1510,0.9848
0.4896,-0.7513,0.4408
0.6677,-0.4590,0.6972
0.6488,-0.4839,0.6519
0.7919,-0.3585,0.8165
0.8160,-0.2563,0.8432
0.8701,-0.3711,0.7685
0.9455,-0.2122,0.9331
0.6093,-0.6029,0.5523
0.9812,-0.1613,1.0267
0.8678,-0.2497,0.8591
0.8982,-0.2400,0.9292
0.5780,-0.6497,0.4802
0.8760,-0.2375,0.8546
0.9914,-0.1767,1.0249
0.8802,-0.2690,0.7911
0.5968,-0.6443,0.5327
1.0193,-0.1407,0.9327
0.6511,-0.6427,0.4692
0.7456,-0.5034,0.5961
0.7461,-0.4291,0.6206
0.6465,-0.6757,0.4054
0.9775,-0.2091,0.8254
0.7693,-0.5072,0.5771
0.9986,-0.2754,0.7822
0.6764,-0.6914,0.4114
0.8114,-0.4472,0.5675
1.0289,-0.1499,0.8759
0.9922,-0.2820,0.7238
1.0598,-0.2038,0.8887
1.0327,-0.1126,0.8894
0.7910,-0.4470,0.5610
1.0124,-0.1845,0.8591
0.8215,-0.3759,0.5673
1.0791,-0.1148,0.8730
0.7334,-0.5576,0.4750
0.8162,-0.6093,0.4615
0.7809,-0.4952,0.5088
1.0652,-0.2106,0.7960
1.1489,-0.1367,0.8626
0.8732,-0.4065,0.5616
0.7833,-0.5687,0.4076
0.8043,-0.4376,0.4593
0.7330,-0.7100,0.3248
0.7868,-0.5773,0.3111
0.9105,-0.4795,0.4948
0.7046,-0.6804,0.2458
1.1008,-0.2194,0.7059
0.6968,-0.7116,0.2314
0.7993,-0.6707,0.2882
0.7079,-0.6731,0.2202
0.8270,-0.4538,0.3975
1.0437,-0.2501,0.6007
1.0470,-0.2509,0.6818
0.8536,-0.6201,0.3199
1.0349,-0.2689,0.6137
0.7065,-0.6985,0.2167
0.7793,-0.6801,0.2012
0.8067,-0.6218,0.2506
0.8368,-0.6857,0.2756
1.0854,-0.2043,0.5941
1.1075,-0.3150,0.5926
0.9943,-0.4056,0.4704
1.1796,-0.0778,0.7257
0.8284,-0.6045,0.2446
1.1896,-0.0639,0.7347
1.0176,-0.4077,0.4631
0.8791,-0.5187,0.2515
0.8623,-0.4982,0.3833
0.8361,-0.6560,0.1864
0.8340,-0.6932,0.1464
0.8703,-0.6234,0.2696
1.0623,-0.3009,0.4250
1.1077,-0.2418,0.5914
0.9697,-0.3573,0.4210
0.8206,-0.5990,0.1495
0.9151,-0.4770,0.2880
1.0984,-0.2564,0.5140
0.8793,-0.5565,0.1493
1.2539,-0.0387,0.6253
0.9554,-0.4061,0.2737
1.2790,-0.0464,0.5692
0.8385,-0.6469,0.0454
0.9668,-0.4815,0.2610
0.9803,-0.4592,0.2710
0.8759,-0.5464,0.2220
1.2962,-0.0433,0.6092
0.9963,-0.3567,0.3332
0.9608,-0.5166,0.1258
0.9217,-0.5255,0.1223
1.2005,-0.1709,0.4614
1.1898,-0.1994,0.4300
1.0435,-0.4079,0.2337
1.3269,-0.1129,0.5278
0.9079,-0.5061,0.1342
1.1369,-0.3719,0.2561
1.0351,-0.3024,0.2630
1.0335,-0.3677,0.2244
1.0189,-0.3464,0.2153
1.0137,-0.4305,0.1482
1.0270,-0.4209,0.1575
1.1472,-0.2929,0.2804
1.1926,-0.0653,0.3990
1.1137,-0.2984,0.2910
0.9017,-0.5688,-0.0296
1.0561,-0.3257,0.1835
1.0680,-0.3548,0.1079
0.8417,-0.6454,-0.0844
1.1551,-0.3138,0.1875
1.3223,-0.0005,0.4082
1.0563,-0.4408,0.0614
1.2850,-0.0536,0.3832
1.2728,-0.0781,0.3946
1.2625,-0.0683,0.3474
1.1557,-0.2318,0.2212
1.0349,-0.2667,0.1562
0.9411,-0.4892,-0.1006
1.2594,-0.0417,0.3921
1.0987,-0.2518,0.1108
1.1919,-0.2291,0.1598
1.2723,-0.0610,0.2667
1.0947,-0.3277,0.0817
1.2186,-0.1591,0.1939
1.2963,-0.0421,0.2670
1.0536,-0.3384,-0.0242
0.9522,-0.4636,-0.1516
1.2267,-0.1590,0.1980
1.3878,0.0303,0.3488
1.0679,-0.3749,-0.0639
1.2042,-0.1216,0.1590
1.3104,-0.0005,0.2780
1.2620,-0.0046,0.2401
1.4025,0.0412,0.2836
1.1678,-0.1839,0.0017
1.2285,-0.1374,0.0914
1.1469,-0.2598,0.0301
1.3139,-0.0402,0.2552
1.0880,-0.3449,-0.1113
1.1261,-0.1378,-0.0126
1.2849,-0.0300,0.1777
1.4318,0.1185,0.2942
1.1424,-0.3318,-0.1250
1.1380,-0.2647,-0.0836
1.3724,0.1709,0.2600
1.2414,-0.1477,0.0091
1.3043,-0.0503,0.1127
1.2900,0.0038,0.0953
1.0698,-0.3336,-0.1200
1.3207,0.0253,0.1598
1.1928,-0.1513,-0.0072
1.4791,0.2058,0.2826
1.3779,0.1387,0.2517
1.0469,-0.3409,-0.2197
1.3766,0.1122,0.2026
1.0648,-0.2934,-0.2568
1.0138,-0.3297,-0.3071
1.3710,0.1741,0.1809
1.0459,-0.2519,-0.2073
1.0964,-0.2639,-0.2437
1.2236,-0.0856,-0.0746
1.1089,-0.2313,-0.2715
1.2254,-0.1602,-0.1378
1.3627,0.1453,0.1003
0.9765,-0.4277,-0.3918
1.1168,-0.1871,-0.2506
1.3184,0.0198,0.0274
1.1815,-0.0031,-0.1099
1.0564,-0.2902,-0.3950
1.4161,0.2639,0.1722
1.1020,-0.1416,-0.1936
1.0448,-0.1931,-0.3253
1.0842,-0.2526,-0.3612
1.2097,0.0046,-0.1451
1.0617,-0.2484,-0.3733
1.2823,0.0436,-0.0181
1.0456,-0.2367,-0.3925
1.3653,0.2137,0.0885
1.1260,-0.1494,-0.2752
1.3884,0.2745,0.0464
1.4687,0.2663,0.0994
1.1097,0.0018,-0.2160
1.0397,-0.2593,-0.4145
1.0124,-0.2179,-0.3784
1.0439,-0.2188,-0.3979
1.3664,0.1922,-0.0438
1.1440,-0.1008,-0.2906
1.1368,-0.1349,-0.2943
1.3787,0.2593,0.0149
1.3039,0.1503,-0.2035
1.1472,0.0953,-0.2055
1.1603,0.0235,-0.2338
1.3636,0.2939,-0.0635
1.0746,-0.0858,-0.4566
1.2100,0.0272,-0.3236
1.1081,-0.0444,-0.3776
1.0022,-0.2039,-0.5186
1.1720,0.0561,-0.2839
0.9357,-0.1247,-0.5472
0.9346,-0.2139,-0.5195
1.3271,0.2771,-0.0737
1.3443,0.2697,-0.1115
1.0708,-0.1059,-0.4499
1.2651,0.2366,-0.2945
1.3522,0.3874,-0.0187
1.3843,0.4398,-0.0975
1.0159,-0.0615,-0.5096
1.4725,0.4232,-0.0450
1.0765,0.0214,-0.4197
1.3671,0.3027,-0.1199
1.3325,0.2881,-0.2410
1.0323,-0.0816,-0.5802
1.2490,0.2129,-0.2514
1.0659,-0.0369,-0.5532
1.4264,0.4886,-0.0915
1.3165,0.3574,-0.1823
1.3521,0.4554,-0.0489
1.3902,0.4853,-0.0330
1.4167,0.5185,-0.1711
1.3253,0.3620,-0.1810
1.2662,0.3695,-0.1539
1.2682,0.2293,-0.3173
0.9414,-0.0458,-0.6284
1.3279,0.4675,-0.1655
1.1488,0.1820,-0.4316
1.2150,0.2360,-0.3904
1.0040,0.0743,-0.5933
1.3644,0.4922,-0.1705
0.9885,0.0274,-0.6108
1.1934,0.2596,-0.4075
1.1036,0.2448,-0.4566
1.3206,0.4879,-0.1403
1.0525,0.1209,-0.5591
0.9619,0.0080,-0.7133
1.2872,0.5269,-0.2420
0.9902,0.0976,-0.5823
1.1571,0.3397,-0.4288
1.0033,0.1096,-0.5788
0.9542,0.0172,-0.6383
1.3157,0.5708,-0.2073
1.1659,0.3701,-0.4098
1.1786,0.4713,-0.3483
1.2969,0.5525,-0.2469
1.3382,0.5753,-0.2323
1.2732,0.5823,-0.2319
0.9817,0.1136,-0.6856
1.2919,0.5497,-0.3559
1.3076,0.5762,-0.2447
1.3263,0.6731,-0.2877
0.9356,0.1071,-0.7399
0.9330,0.2467,-0.6562
1.1251,0.3536,-0.4923
1.2307,0.4924,-0.4458
0.9541,0.1136,-0.8001
0.9685,0.1766,-0.7317
0.9141,0.2577,-0.6911
1.1502,0.5105,-0.4457
0.9055,0.2347,-0.6830
1.1381,0.5127,-0.4281
0.9121,0.1266,-0.7047
1.0288,0.3829,-0.6070
0.9730,0.2476,-0.6314
1.1307,0.4620,-0.5338
0.8909,0.1758,-0.7378
0.8879,0.2754,-0.7610
0.8909,0.2244,-0.8128
1.0434,0.3862,-0.5551
1.2185,0.7493,-0.3728
0.8936,0.2813,-0.7139
0.7938,0.2465,-0.8669
1.2668,0.7685,-0.2876
0.9831,0.4044,-0.6548
1.1250,0.6660,-0.4357
1.0423,0.5340,-0.5042
0.8715,0.3455,-0.7446
0.8476,0.2762,-0.8289
1.2812,0.8132,-0.3963
1.0200,0.6786,-0.4884
0.9306,0.4166,-0.7034
1.0346,0.6481,-0.5114
1.1343,0.7328,-0.4120
1.1129,0.7096,-0.4317
0.8844,0.4060,-0.7346
0.8954,0.4207,-0.6960
1.1659,0.7973,-0.3931
0.7296,0.2883,-0.8407
0.9539,0.6135,-0.6050
1.1853,0.7709,-0.3832
1.1683,0.7672,-0.3576
1.1495,0.9310,-0.3518
1.0351,0.6525,-0.5261
1.1165,0.7918,-0.4413
0.8013,0.4469,-0.7696
0.8838,0.5041,-0.7315
0.8784,0.5420,-0.7049
1.1919,0.8507,-0.3949
0.7566,0.4647,-0.7981
1.0779,0.8334,-0.4842
0.8773,0.6814,-0.6671
1.1410,0.9802,-0.3419
0.7110,0.3538,-0.8963
0.9134,0.7605,-0.5176
0.7290,0.4123,-0.8648
1.0350,0.8375,-0.4899
1.1463,0.9489,-0.3399
0.7936,0.5788,-0.7814
0.7523,0.5670,-0.7607
0.6825,0.4364,-0.8713
0.9193,0.7525,-0.6804
0.9030,0.8234,-0.5805
0.7232,0.5488,-0.8691
0.8068,0.6042,-0.7722
0.9410,0.8550,-0.5853
0.9549,0.8480,-0.5969
0.7979,0.6567,-0.7969
0.6533,0.4674,-1.0095
0.9553,0.9602,-0.5109
0.7863,0.6867,-0.7466
0.9133,0.9423,-0.5423
1.0830,1.0693,-0.4006
1.0028,0.9902,-0.5181
0.9470,1.0187,-0.5403
0.6697,0.6501,-0.8273
1.0201,1.1329,-0.4448
0.6382,0.5928,-0.8837
0.9251,0.9843,-0.5555
0.7275,0.6594,-0.7764
0.7549,0.8197,-0.6689
0.7747,0.9141,-0.6521
0.6809,0.6604,-0.8238
0.6679,0.7757,-0.7581
0.7940,0.8637,-0.7149
0.7533,0.8647,-0.6465
0.6791,0.7254,-0.8362
0.4976,0.6820,-0.9474
0.7780,0.8799,-0.6891
0.6598,0.7126,-0.8022
0.4941,0.5952,-0.9465
0.7701,0.8703,-0.6736
0.7239,0.9622,-0.5875
0.8355,1.0969,-0.5218
0.4985,0.6757,-0.9508
0.6972,0.8907,-0.7238
0.4772,0.5298,-1.0064
0.6265,0.8116,-0.7942
0.5013,0.6738,-0.9751
0.7162,0.9136,-0.7272
0.7700,1.0617,-0.6308
0.7927,1.0815,-0.5712
0.4845,0.7327,-0.9669
0.4675,0.7020,-0.9713
0.3885,0.6326,-0.9943
0.4302,0.7129,-0.8530
0.7243,1.1005,-0.6129
0.4259,0.6703,-0.9991
0.8789,1.2890,-0.4132
0.7805,1.2302,-0.4332
0.3712,0.7143,-0.9904
0.4979,0.8855,-0.9245
0.6595,1.0785,-0.6212
0.5645,0.9465,-0.7561
0.8077,1.2670,-0.3948
0.3661,0.7722,-0.9823
0.6855,1.1880,-0.5482
0.7363,1.2828,-0.4249
0.5216,1.0075,-0.7329
0.4701,0.9529,-0.7858
0.6694,1.1120,-0.5504
0.2844,0.7352,-1.0330
0.5796,1.1141,-0.6191
0.5181,1.0152,-0.7240
0.3762,0.8710,-0.9548
0.4325,0.9423,-0.8524
0.2378,0.7409,-0.9770
0.5090,1.0249,-0.7262
0.5792,1.1732,-0.6226
0.4639,1.0093,-0.7479
0.5357,1.2241,-0.5896
0.4820,1.0772,-0.6421
0.4221,1.0205,-0.7858
0.4110,1.0229,-0.7968
0.5235,1.1667,-0.6397
0.4374,1.0389,-0.7746
0.4246,1.1199,-0.6881
0.3560,1.0873,-0.7096
0.6536,1.3863,-0.4585
0.4068,1.1223,-0.6760
0.4255,1.0174,-0.7564
0.4679,1.2644,-0.5145
0.5478,1.3862,-0.3924
0.1545,0.8355,-0.9442
0.1672,0.8649,-0.9409
0.3137,1.0359,-0.8229
0.4214,1.1679,-0.5859
0.6127,1.4054,-0.4059
0.1166,0.9030,-0.9071
0.4050,1.2498,-0.6017
0.0883,0.8671,-0.9320
0.2528,1.0356,-0.7816
0.4930,1.4037,-0.5121
0.5208,1.5018,-0.4311
0.4185,1.3129,-0.5725
0.5196,1.4006,-0.4096
0.3004,1.1156,-0.6765
0.1408,1.0363,-0.8030
0.3466,1.3249,-0.4972
0.1860,1.1156,-0.6948
0.4679,1.3981,-0.4030
0.4624,1.4904,-0.3840
0.1052,0.9950,-0.8355
0.2424,1.2355,-0.5948
0.3836,1.3500,-0.5457
0.3173,1.3035,-0.5322
0.1340,1.1143,-0.7628
0.1441,1.2018,-0.7369
0.4297,1.4784,-0.4124
0.3768,1.4326,-0.4417
0.3374,1.3900,-0.5365
0.1212,1.0596,-0.7553
0.1486,1.2532,-0.6077
0.0374,1.1801,-0.6986
-0.0114,1.0082,-0.8670
0.1768,1.3555,-0.5452
0.1652,1.1784,-0.7115
0.2072,1.2516,-0.6059
0.2406,1.3737,-0.5509
0.1931,1.3515,-0.4853
0.2388,1.3888,-0.5016
-0.1541,1.0364,-0.9191
0.1583,1.3087,-0.5779
-0.0999,1.0280,-0.8506
0.2821,1.5573,-0.2891
0.0920,1.2893,-0.6102
0.2723,1.5666,-0.2812
0.1029,1.2959,-0.5354
0.0743,1.2512,-0.5900
-0.1079,1.0529,-0.8224
-0.0351,1.1895,-0.6803
0.1171,1.3646,-0.4868
-0.0849,1.0135,-0.7501
-0.0027,1.2556,-0.5754
-0.0916,1.1269,-0.7128
0.1502,1.5242,-0.3650
0.1557,1.4426,-0.3990
-0.1998,1.0354,-0.8115
0.0195,1.2678,-0.5920
-0.1557,1.1088,-0.6687
-0.0893,1.1892,-0.6330
-0.0950,1.2708,-0.5553
0.0858,1.5512,-0.3116
-0.2619,1.0709,-0.8494
-0.2458,1.0518,-0.7521
0.1204,1.6162,-0.2855
-0.2173,1.1559,-0.7637
-0.1908,1.1390,-0.6232
-0.2848,1.0558,-0.7378
-0.2457,1.1797,-0.6238
0.0693,1.5553,-0.2840
-0.0029,1.5040,-0.3908
0.0926,1.5633,-0.2751
-0.1108,1.2470,-0.5575
0.0867,1.6877,-0.1715
-0.3442,1.0572,-0.8093
-0.0296,1.5068,-0.2935
-0.1027,1.3586,-0.4904
-0.1842,1.2244,-0.5765
-0.0448,1.4640,-0.3584
-0.1354,1.3192,-0.4494
-0.1393,1.3997,-0.3622
-0.2021,1.3659,-0.4670
-0.0805,1.4723,-0.3481
-0.2816,1.2026,-0.5738
-0.0319,1.5595,-0.2101
-0.0471,1.6344,-0.2007
-0.3607,1.2195,-0.5963
-0.3704,1.1775,-0.6180
-0.2148,1.3368,-0.4681
-0.0270,1.6775,-0.1733
-0.4198,1.0878,-0.6449
-0.1633,1.4328,-0.3706
-0.0483,1.6106,-0.1597
-0.1373,1.6019,-0.2485
-0.0444,1.6307,-0.1312
-0.2063,1.4735,-0.3380
-0.3462,1.3343,-0.4282
-0.3034,1.3808,-0.3804
-0.2894,1.3723,-0.4028
-0.3584,1.3076,-0.3607
-0.5860,1.0447,-0.6496
-0.3749,1.3614,-0.4218
-0.1769,1.5477,-0.1169
-0.0928,1.6521,-0.0780
-0.1788,1.5525,-0.1981
-0.2912,1.3960,-0.2738
-0.3328,1.3775,-0.3349
-0.5082,1.2085,-0.4750
-0.1803,1.5447,-0.1565
-0.1651,1.6421,-0.0480
-0.3053,1.4756,-0.2021
-0.3499,1.3792,-0.2776
-0.2136,1.7042,-0.0763
-0.3582,1.4026,-0.2672
-0.6580,1.0381,-0.5798
-0.3318,1.4331,-0.2205
-0.2264,1.5794,-0.0794
-0.4530,1.3631,-0.2841
-0.4464,1.3774,-0.2876
-0.2199,1.6534,-0.0829
-0.3351,1.5179,-0.1071
-0.3097,1.5414,-0.1146
-0.6346,1.1702,-0.4494
-0.2679,1.6416,-0.0028
-0.2821,1.6046,-0.0148
-0.4884,1.4496,-0.2029
-0.4299,1.3787,-0.2047
-0.5632,1.2706,-0.2971
-0.5731,1.2534,-0.3493
-0.5400,1.3451,-0.2293
-0.3356,1.4842,-0.0311
-0.5057,1.3473,-0.1791
-0.3230,1.6336,0.0847
-0.3393,1.6855,0.0869
-0.7059,1.0954,-0.3949
-0.3752,1.6035,0.0138
-0.5234,1.3836,-0.1432
-0.7194,1.0785,-0.3619
-0.4595,1.4847,-0.0483
-0.7086,1.1823,-0.3643
-0.4714,1.4321,-0.0285
-0.4531,1.5206,0.1176
-0.5391,1.4581,0.0113
-0.6742,1.1859,-0.2759
-0.4526,1.4411,-0.0134
-0.7755,1.1173,-0.3762
-0.6884,1.2035,-0.2109
-0.4799,1.4063,-0.0978
-0.8716,1.0091,-0.4581
-0.6094,1.3561,-0.0553
-0.8270,1.0744,-0.3545
-0.5677,1.4788,0.0304
-0.4979,1.5167,0.0987
-0.5738,1.4513,0.0349
-0.8584,1.0350,-0.3522
-0.5565,1.5254,0.1321
-0.4731,1.5275,0.0921
-0.6394,1.4307,-0.0347
-0.4731,1.5739,0.2443
-0.5988,1.5476,0.2044
-0.9057,1.0177,-0.3123
-0.9201,1.0332,-0.2831
-0.6555,1.3366,0.0267
-0.6014,1.4373,0.1761
-0.4359,1.5443,0.2452
-0.8528,1.0652,-0.1757
-0.6979,1.4886,0.1935
-0.4994,1.5795,0.2918
-0.6733,1.3745,0.1162
-0.5945,1.5064,0.3102
-0.4825,1.5752,0.3338
-1.0094,1.0061,-0.2008
-0.6674,1.3176,0.1306
-0.6556,1.4199,0.1852
-1.0092,1.0255,-0.2172
-0.8772,1.1054,-0.1656
-0.5228,1.5323,0.3335
-0.5717,1.6001,0.3453
-0.9031,1.1661,0.0134
-0.8045,1.3249,0.2183
-1.0047,1.0496,-0.0739
-0.6553,1.4355,0.3194
-0.9817,1.0338,-0.0362
-0.7824,1.3425,0.2095
-0.9580,1.1446,0.0149
-0.6872,1.3519,0.2626
-0.9040,1.1948,0.1243
-0.7314,1.1771,0.1747
-0.8476,1.3204,0.1568
-0.6089,1.4687,0.4098
-1.0150,1.0181,-0.1200
-0.8798,1.1489,0.1881
-0.6461,1.5440,0.4577
-0.8916,1.1854,0.1904
-0.9809,1.0726,0.0462
-1.0028,1.0146,0.0143
-0.8313,1.2717,0.2514
-0.8099,1.2845,0.3402
-0.7865,1.3577,0.4059
-0.7557,1.3800,0.3999
-0.6653,1.4837,0.5255
-0.6264,1.5364,0.5342
-0.6874,1.4645,0.5463
-1.0878,0.9198,0.0155
-0.9742,1.0631,0.2115
-0.8323,1.3227,0.4573
-0.7556,1.4191,0.5364
-0.6725,1.4674,0.5533
-1.0611,0.9325,0.1270
-1.0800,0.9008,0.0780
-0.9253,1.1601,0.3356
-0.9750,1.1079,0.2967
-0.9554,1.1607,0.3322
-0.7535,1.3176,0.4862
-0.9559,1.1392,0.3268
-1.0880,0.9980,0.2114
-0.8822,1.1926,0.4058
-0.8212,1.2442,0.5571
-1.0137,1.1487,0.4122
-1.0645,1.0264,0.2665
-0.7691,1.3505,0.6159
-1.0326,1.0103,0.2649
-0.9525,1.1540,0.4652
-0.7114,1.4941,0.6810
-1.1021,0.9328,0.3183
-1.1150,0.9613,0.2417
-0.7343,1.3315,0.7291
-0.9453,1.0975,0.4831
-1.1741,0.9087,0.2650
-0.9888,1.1047,0.4280
-0.9487,1.1964,0.5780
-0.9343,1.2234,0.6595
-1.0767,0.9805,0.4622
-1.1016,0.9383,0.3465
-0.7820,1.4024,0.7174
-0.7742,1.3385,0.7886
-0.8669,1.2341,0.7168
-1.1897,0.8766,0.3769
-1.2038,0.8408,0.3846
-1.2048,0.7971,0.3041
-1.1204,0.8372,0.3457
-0.8615,1.1463,0.6412
-1.1823,0.7755,0.3686
-1.1622,0.8542,0.4270
-1.0857,0.8982,0.4851
-1.1755,0.9140,0.4168
-0.7788,1.2838,0.9000
-1.1523,0.8876,0.4635
-0.9019,1.1000,0.7974
-1.0672,0.9506,0.5763
-1.1662,0.8246,0.4632
-1.0923,0.7951,0.4323
-1.0731,0.9166,0.5856
-0.9183,1.0554,0.7065
-1.0853,0.8849,0.5089
-1.0775,0.8833,0.5892
-1.0264,1.1223,0.7937
-0.7941,1.2765,0.9349
-1.0958,0.8837,0.6934
-0.8812,1.1747,0.9464
-1.2806,0.6058,0.4524
-1.2490,0.6597,0.4722
-1.1089,0.8120,0.6387
-1.1612,0.7221,0.6060
-0.9022,1.1344,0.9153
-0.8976,1.1262,1.0048
-0.8757,1.0792,0.9547
-1.1708,0.7361,0.5984
-0.9952,0.9087,0.7730
-1.2090,0.6477,0.5868
-1.2686,0.6016,0.5313
-0.8821,1.1059,0.9771
-1.1509,0.6532,0.5726
-0.9704,1.0347,0.9573
-0.9749,0.9841,0.9840
-0.9484,1.1079,0.9382
-1.2810,0.5145,0.4916
-0.9794,0.9168,0.8890
-0.8521,0.9929,1.0295
-1.0785,0.7191,0.7946
-1.2596,0.6512,0.6767
-1.1399,0.7000,0.6837
-1.2959,0.5114,0.5260
-1.1937,0.5303,0.6587
-0.8662,1.0696,1.1887
-0.8744,1.0483,1.1172
-0.8644,1.0486,1.1283
-0.9122,0.9744,1.1548
-0.8577,0.9393,1.1188
-1.0821,0.6631,0.8463
-1.1150,0.6864,0.8907
-1.1153,0.6786,0.8488
-0.8110,1.0132,1.1593
-1.1313,0.6146,0.8989
-0.9771,0.8239,1.1021
-0.8869,0.9799,1.2104
-0.7955,0.9730,1.2001
-1.2162,0.5338,0.8123
-0.9341,0.7901,1.0679
-1.0548,0.7039,0.9850
-0.9056,0.8814,1.1582
-0.8980,0.8422,1.1375
-1.1079,0.5210,0.8697
-1.2412,0.3724,0.7273
-0.8546,0.9511,1.2345
-1.0591,0.6146,1.0234
-1.2445,0.3373,0.7238
-0.8666,0.8414,1.2224
-1.1760,0.3930,0.8588
-0.8284,0.8533,1.2966
-0.9903,0.8028,1.1897
-0.9956,0.6577,1.1665
-0.9036,0.8548,1.2964
-0.8703,0.7685,1.2904
-0.8910,0.7670,1.2565
-1.1418,0.4248,0.9397
-1.0356,0.4927,1.0814
-0.9635,0.6213,1.1582
-1.1708,0.3343,0.9791
-1.1570,0.3491,0.8609
-1.0824,0.5138,1.1031
-0.9038,0.7694,1.2791
-0.8694,0.7853,1.3492
-0.9857,0.5996,1.1667
-0.8799,0.7223,1.4060
-1.1268,0.3922,1.0888
-1.1376,0.2844,0.9677
-0.8683,0.7255,1.3754
-1.1907,0.2079,0.8877
-1.0783,0.3599,1.0858
-1.0891,0.2958,1.0598
-1.1897,0.1968,0.9821
-1.0555,0.4717,1.1270
-0.9405,0.5189,1.3508
-1.2249,0.1365,0.9131
-1.0363,0.4448,1.1908
-1.1258,0.2954,1.0507
-1.0493,0.3495,1.1173
-0.8062,0.6609,1.4616
-1.1081,0.2351,1.0593
-0.8728,0.5808,1.4489
-0.9205,0.4052,1.2384
-0.9839,0.3625,1.2321
-0.8608,0.5227,1.4363
-0.8853,0.4252,1.3127
-1.0676,0.2471,1.1618
-0.9504,0.3625,1.2242
-0.7986,0.5656,1.4024
-0.9657,0.2830,1.2431
-1.1406,0.1067,1.0558
-0.9990,0.3037,1.2535
-0.9358,0.3289,1.3582
-0.8744,0.3534,1.3771
-0.8827,0.4183,1.4656
-1.1639,0.0500,1.0245
-1.0066,0.2180,1.1906
-1.1485,0.0369,1.1203
-0.8932,0.4249,1.4269
-0.8561,0.3407,1.4439
-0.6851,0.5893,1.5707
-0.9220,0.2467,1.3484
-0.7882,0.3844,1.4760
-0.8219,0.2942,1.4601
-0.9406,0.1511,1.3029
-1.1223,-0.1276,1.0682
-0.8055,0.3475,1.4816
-0.9785,0.0743,1.2843
-1.1032,-0.0870,1.1477
-0.6273,0.5543,1.6168
-1.0820,-0.0924,1.0968
-0.7295,0.4094,1.6294
-0.7952,0.2608,1.4776
-0.7877,0.2022,1.4516
-0.7569,0.2607,1.4844
-0.8239,0.1767,1.4551
-1.0633,-0.0717,1.2145
-0.8369,0.2176,1.4760
-1.1324,-0.1127,1.0837
-0.9225,0.0246,1.3215
-0.9615,-0.1333,1.2915
-0.7762,0.1584,1.5253
-0.6171,0.2495,1.5811
-0.8068,0.1446,1.4441
-0.8154,0.0854,1.5238
-0.9106,-0.1337,1.3257
-0.6253,0.2345,1.6778
-1.0028,-0.2334,1.2190
-0.7240,0.1234,1.5161
-0.6497,0.1981,1.6205
-0.9729,-0.1881,1.1609
-0.9371,-0.2349,1.2935
-0.8907,-0.1710,1.3695
-0.7857,0.0690,1.4646
-0.7617,0.0365,1.4532
-0.6953,0.1285,1.5724
-0.7466,0.0292,1.5302
-0.9233,-0.2895,1.2378
-0.6983,0.0934,1.5276
-0.6589,0.0017,1.5572
-0.8822,-0.2802,1.2703
-0.9514,-0.3848,1.1938
-0.7514,-0.1256,1.4332
-0.6106,0.0700,1.5661
-0.5772,0.0901,1.6724
-0.6433,0.0189,1.6364
-0.7198,-0.1263,1.5000
-0.7958,-0.1424,1.3889
-0.8528,-0.2963,1.3891
-0.8073,-0.3192,1.3517
-0.8266,-0.3211,1.3511
-0.4980,0.0983,1.7274
-0.7948,-0.2358,1.3900
-0.8085,-0.3970,1.3767
-0.8198,-0.3806,1.3394
-0.6847,-0.1989,1.5115
-0.6939,-0.2097,1.4958
-0.8018,-0.3361,1.3771
-0.6461,-0.2320,1.4804
-0.6693,-0.2459,1.6352
-0.8677,-0.5315,1.2160
-0.7911,-0.4200,1.3207
-0.4384,0.0204,1.7979
-0.8499,-0.5156,1.2415
-0.7698,-0.4248,1.3581
-0.5453,-0.2302,1.5930
-0.6654,-0.3924,1.3652
-0.8412,-0.5679,1.2423
-0.4373,-0.0414,1.7303
-0.5099,-0.3022,1.5511
-0.6271,-0.3705,1.4716
-0.5460,-0.2383,1.5570
-0.5291,-0.2587,1.5421
-0.3202,-0.1254,1.7190
-0.2556,0.0043,1.8088
-0.4028,-0.1569,1.7384
-0.3926,-0.2854,1.6858
-0.2939,-0.1348,1.8087
-0.4421,-0.3301,1.6895
-0.3981,-0.2402,1.6774
-0.3382,-0.0857,1.8039
-0.2611,-0.0707,1.9262
-0.6592,-0.6504,1.3511
-0.6806,-0.7188,1.2932
-0.3248,-0.2065,1.7797
-0.3126,-0.1891,1.7515
-0.5935,-0.6453,1.3445
-0.3136,-0.2628,1.7764
-0.5487,-0.5444,1.4901
-0.6427,-0.7578,1.2950
-0.1542,-0.1451,1.8490
-0.5697,-0.7220,1.3145
-0.2187,-0.1569,1.7640
-0.5642,-0.7399,1.2803
-0.4390,-0.5589,1.4850
-0.2898,-0.4524,1.6484
-0.3598,-0.5490,1.5370
-0.2677,-0.3633,1.6615
-0.0899,-0.1777,1.8445
-0.3781,-0.5098,1.6047
-0.4215,-0.6183,1.5059
-0.1279,-0.2809,1.8044
-0.5057,-0.8493,1.3527
-0.4882,-0.7444,1.3998
-0.1853,-0.3415,1.7711
-0.2701,-0.5306,1.5194
-0.3322,-0.5666,1.5079
-0.2561,-0.6113,1.4669
-0.0247,-0.2248,1.8504
-0.0838,-0.2910,1.7937
-0.3001,-0.5691,1.5417
-0.0329,-0.2668,1.9040
0.0024,-0.3070,1.9079
-0.2728,-0.6383,1.5293
-0.4104,-0.8935,1.4220
-0.0191,-0.3561,1.8241
-0.2834,-0.6932,1.4621
0.0261,-0.2951,1.9132
-0.2723,-0.7037,1.4405
-0.3334,-0.8113,1.3459
-0.1241,-0.6421,1.5783
-0.0763,-0.5274,1.7053
0.0310,-0.3466,1.8474
-0.0558,-0.5757,1.6351
-0.1484,-0.6362,1.5889
-0.3160,-0.9119,1.3435
-0.2923,-0.8411,1.3552
0.1712,-0.3638,1.8059
-0.1224,-0.7184,1.5562
-0.1249,-0.6974,1.5473
-0.2416,-0.9188,1.3124
-0.2128,-0.8606,1.3945
0.1071,-0.4643,1.7234
-0.0634,-0.6725,1.5669
0.0090,-0.7215,1.5681
0.0399,-0.6434,1.5875
0.0702,-0.6239,1.6000
-0.1295,-0.8756,1.3496
0.0065,-0.6365,1.6146
-0.1029,-0.8809,1.4409
0.2829,-0.3750,1.8545
0.0063,-0.7719,1.5319
-0.1546,-0.9953,1.3259
0.0635,-0.7215,1.5440
0.0122,-0.6578,1.6111
0.0289,-0.7729,1.4660
-0.0544,-0.8783,1.5228
0.2378,-0.4500,1.8294
-0.0092,-0.9385,1.3952
-0.0078,-0.8452,1.4646
0.2161,-0.5993,1.7443
0.2591,-0.6092,1.7164
0.1553,-0.6233,1.6526
0.2791,-0.5411,1.7867
0.3055,-0.5091,1.7357
0.1899,-0.7676,1.5942
-0.0250,-1.0752,1.2732
0.1893,-0.7439,1.5779
0.3247,-0.5646,1.7086
-0.0624,-1.1080,1.2841
0.4434,-0.5565,1.7767
0.0260,-1.0828,1.3348
0.0642,-1.0844,1.2895
0.1305,-0.9309,1.3887
0.4184,-0.6025,1.7027
0.4438,-0.5083,1.8497
0.1342,-1.0253,1.3513
0.1235,-1.0611,1.3474
0.3624,-0.7197,1.6632
0.2987,-0.8485,1.5487
0.2532,-0.7922,1.4616
0.1261,-1.1349,1.3355
0.3698,-0.7332,1.6717
0.5498,-0.5873,1.7438
0.1707,-1.0543,1.2484
0.5446,-0.6514,1.7214
0.1056,-1.2417,1.1921
0.2827,-0.9548,1.4219
0.5167,-0.6389,1.6771
0.1382,-1.2256,1.1985
0.3170,-0.8731,1.4147
0.2674,-1.0121,1.3150
0.2381,-1.1011,1.2499
0.4171,-0.8570,1.4657
0.6409,-0.6406,1.6645
0.5603,-0.7588,1.6358
0.3171,-1.0426,1.3036
0.2653,-1.1750,1.2516
0.6432,-0.6157,1.7421
0.5871,-0.7733,1.5586
0.3680,-1.0698,1.2744
0.5888,-0.7066,1.5677
0.3291,-1.1460,1.2613
0.5270,-0.9070,1.4173
0.3966,-1.1207,1.3024
0.4965,-0.9836,1.3742
0.4378,-1.0723,1.2408
0.5099,-0.9534,1.3992
0.5148,-0.9679,1.3863
0.3332,-1.1949,1.1544
0.5400,-1.1037,1.2756
0.8405,-0.5947,1.7297
0.3924,-1.2301,1.0761
0.6644,-0.9530,1.3453
0.5087,-1.0893,1.2279
0.6754,-0.9179,1.4340
0.8150,-0.7500,1.5598
0.7055,-0.8548,1.5461
0.8774,-0.7660,1.5308
0.7017,-0.8677,1.4257
0.5205,-1.2004,1.1196
0.6630,-1.0337,1.2540
0.4562,-1.3406,1.0234
0.8412,-0.7532,1.5032
0.5123,-1.2333,1.1480
0.7680,-0.9468,1.3383
0.8707,-0.7777,1.5475
0.5139,-1.2726,1.0334
0.9012,-0.8473,1.4233
0.8501,-0.8566,1.3800
0.6053,-1.2265,1.0697
0.7694,-0.9732,1.3216
0.7047,-1.1067,1.1410
0.8965,-0.8485,1.3875
0.9765,-0.7825,1.5382
0.8882,-0.9345,1.2903
0.9849,-0.7979,1.4487
0.7245,-1.1356,1.1265
0.9278,-0.8580,1.3446
0.6044,-1.2816,0.9594
0.6535,-1.2502,0.9008
1.0398,-0.6965,1.4761
0.6506,-1.2372,0.9394
0.6302,-1.3339,0.9081
0.9470,-0.9432,1.1932
0.9395,-1.0326,1.1714
0.7603,-1.1588,1.0497
0.9887,-0.8733,1.3145
0.7888,-1.1704,1.0056
1.0250,-0.8984,1.2355
1.1403,-0.6941,1.4089
1.0092,-0.8467,1.3226
0.8261,-1.1959,1.0145
1.0727,-0.8268,1.3486
1.1819,-0.7381,1.3378
0.8273,-1.1472,0.9900
0.7861,-1.2495,0.9567
0.8045,-1.2467,0.8363
0.9532,-1.1373,0.9556
0.9915,-0.9980,1.0990
0.8164,-1.3061,0.8750
1.0605,-0.9486,1.1524
1.1706,-0.7673,1.2724
0.8386,-1.2332,0.9374
0.9954,-1.0944,0.9692
0.9674,-1.2212,0.9264
1.0197,-1.0282,0.9863
1.1964,-0.8049,1.1596
1.2490,-0.8497,1.1682
1.2805,-0.7243,1.2522
1.3327,-0.7545,1.2873
1.1481,-1.0974,0.9916
1.0409,-1.1680,0.9358
1.0628,-1.0331,0.9736
1.1191,-1.0708,0.9708
1.1609,-0.9580,1.0478
0.9913,-1.2211,0.7926
1.0128,-1.2140,0.8621
1.1071,-1.0874,0.8480
1.0326,-1.1530,0.8030
1.2094,-0.9922,0.9398
1.1313,-1.0769,0.7882
1.1072,-1.0802,0.8568
1.3010,-0.8330,1.0995
1.4956,-0.7225,1.2316
1.1780,-1.1090,0.8023
1.4248,-0.7187,1.2197
1.3230,-0.8919,1.0444
1.4644,-0.6861,1.1606
1.2776,-0.8836,0.9797
1.4845,-0.6947,1.0897
1.4691,-0.8061,1.0417
1.1867,-1.1759,0.7377
1.3139,-1.0192,0.9028
1.2756,-0.9924,0.8752
1.3240,-0.9798,0.7943
1.4290,-0.8169,0.9799
1.4969,-0.7323,1.0399
1.5545,-0.6451,1.0821
1.3898,-0.9014,0.9185
1.5825,-0.6944,1.0404
1.1824,-1.1917,0.5998
1.5640,-0.7039,1.0312
1.5419,-0.6402,1.0766
1.1810,-1.2086,0.5813
1.6401,-0.6906,0.9922
1.2739,-1.1418,0.6081
1.3366,-1.0286,0.7497
1.2256,-1.2405,0.4607
1.5783,-0.7885,0.8669
1.6274,-0.6889,1.0332
1.3756,-0.9788,0.6352
1.2020,-1.2477,0.4241
1.4093,-0.9035,0.7194
1.2914,-1.1247,0.5129
1.4337,-1.0533,0.5367
1.5101,-0.8045,0.8050
1.5964,-0.8244,0.8160
1.6160,-0.7099,0.8283
1.5600,-0.7559,0.7885
1.5663,-0.8327,0.7422
1.7005,-0.5986,0.8986
1.2832,-1.1550,0.3990
1.5084,-0.8669,0.5631
1.5900,-0.8028,0.6964
1.4435,-1.0370,0.4730
1.7029,-0.6789,0.7518
1.5540,-0.8988,0.5802
1.5174,-0.9182,0.5321
1.5828,-0.8375,0.6287
1.5216,-0.9409,0.5061
1.6400,-0.7090,0.7137
1.4546,-1.0851,0.3669
1.7959,-0.6372,0.8061
1.8002,-0.5838,0.7496
1.7454,-0.6710,0.6595
1.6069,-0.8461,0.4966
1.4732,-0.9301,0.4662
1.4940,-0.9398,0.4238
1.6737,-0.7720,0.4799
1.5137,-0.9530,0.3063
1.7093,-0.7396,0.5227
1.8555,-0.5462,0.6863
1.4409,-1.0029,0.2690
1.5559,-0.9063,0.3639
1.5607,-0.8712,0.3338
1.7197,-0.7551,0.4618
1.5034,-0.9854,0.1941
1.6449,-0.8220,0.4424
1.7304,-0.7668,0.4581
1.5378,-0.9379,0.2525
1.8135,-0.5614,0.5068
1.6731,-0.8110,0.3734
1.5382,-1.0594,0.1219
1.8263,-0.5625,0.5221
1.5977,-0.8251,0.2797
1.9479,-0.5328,0.5369
1.7180,-0.7882,0.2766
1.5213,-1.0808,0.0165
1.6330,-0.7978,0.2309
1.5377,-0.9406,0.0484
1.5761,-0.9880,0.1074
1.7206,-0.7511,0.2860
1.6393,-0.7988,0.1996
1.7855,-0.5891,0.3904
1.5525,-0.9293,0.0137
1.8018,-0.6064,0.3190
1.7999,-0.6669,0.2396
1.5291,-1.0468,-0.0754
1.6347,-0.8863,-0.0014
1.5722,-0.9655,-0.0550
1.6096,-0.8994,-0.0447
1.5720,-0.8429,-0.0449
1.5351,-0.9328,-0.0992
1.9319,-0.4538,0.3392
1.6526,-0.7782,-0.0038
1.7582,-0.6420,0.1382
1.9579,-0.4520,0.4168
1.6880,-0.7727,-0.0276
1.7200,-0.7264,0.0303
1.5908,-0.8965,-0.2200
1.6197,-0.7989,-0.1380
1.6491,-0.8119,-0.0950
1.6705,-0.8473,-0.1462
1.6579,-0.8603,-0.1322
1.7136,-0.7328,-0.1054
1.9097,-0.4652,0.0914
1.9603,-0.4759,0.2007
1.5868,-0.8618,-0.2007
2.0070,-0.2658,0.2934
1.6794,-0.7295,-0.1788
1.8502,-0.4731,0.0906
1.9345,-0.4304,0.1213
1.6052,-0.8806,-0.2934
1.9935,-0.4025,0.1716
1.7615,-0.6603,-0.0803
1.8428,-0.4865,-0.0050
1.8974,-0.4604,-0.0592
1.8984,-0.3547,-0.0071
1.9248,-0.4417,-0.0159
1.9118,-0.4260,0.0054
1.9734,-0.2906,0.0888
1.8121,-0.6368,-0.2105
1.7945,-0.5962,-0.1759
1.6726,-0.6598,-0.3280
1.7664,-0.6627,-0.3188
1.6976,-0.7977,-0.4061
1.7803,-0.4124,-0.1754
1.7117,-0.5833,-0.2932
1.8761,-0.4026,-0.1123
1.8892,-0.3897,-0.1822
1.9452,-0.2987,-0.1021
2.0606,-0.1347,0.0474
1.7089,-0.6885,-0.4199
1.7961,-0.4215,-0.3553
2.0225,-0.1830,-0.0374
2.0125,-0.1468,-0.0134
1.9437,-0.2095,-0.1494
1.9810,-0.1611,-0.1180
1.9005,-0.3541,-0.2326
1.8794,-0.2690,-0.2031
1.7944,-0.4739,-0.4219
2.0075,-0.1196,-0.1143
1.7545,-0.4857,-0.4511
1.7714,-0.4717,-0.4621
1.6710,-0.5886,-0.5302
1.8201,-0.4293,-0.4384
1.6834,-0.5779,-0.5170
1.8802,-0.2392,-0.3260
1.8236,-0.4259,-0.4412
1.8070,-0.4044,-0.4958
1.8058,-0.3391,-0.3856
1.7456,-0.4174,-0.5412
1.7672,-0.5184,-0.6033
1.8199,-0.3070,-0.4248
1.7393,-0.4303,-0.5539
1.9536,-0.0830,-0.3182
2.0132,-0.0385,-0.2423
1.9861,-0.0633,-0.2229
1.9837,-0.0339,-0.3316
1.8836,-0.1875,-0.4560
1.9058,-0.1508,-0.3985
1.8497,-0.1653,-0.4399
2.0605,0.0470,-0.2095
2.0221,-0.0438,-0.3190
1.8056,-0.2644,-0.5536
2.0246,-0.0346,-0.3721
1.9756,0.0228,-0.3553
1.8194,-0.2359,-0.5568
1.8076,-0.2777,-0.6499
1.6423,-0.4126,-0.8815
1.9851,0.0599,-0.3567
1.7582,-0.2559,-0.7118
1.9657,0.0098,-0.4563
1.7239,-0.2249,-0.7013
1.8301,-0.1484,-0.6275
1.9008,0.0098,-0.5290
1.9074,-0.0320,-0.5993
1.9521,0.0593,-0.4599
2.0341,0.2146,-0.3996
1.6530,-0.2948,-0.8831
1.7856,-0.1098,-0.6730
2.0626,0.2014,-0.3913
1.9036,0.0732,-0.5566
1.6278,-0.3032,-0.9501
1.7629,-0.0302,-0.7159
1.6313,-0.3166,-0.9153
1.9434,0.1607,-0.4890
1.6998,-0.1784,-0.8500
1.8941,0.0382,-0.6885
1.6605,-0.1767,-0.8601
1.8859,0.1395,-0.5489
1.7277,-0.2198,-0.9253
1.6241,-0.1287,-0.8368
1.9628,0.2727,-0.5840
1.6232,-0.2121,-0.9926
1.7246,0.0009,-0.8018
1.7918,0.0311,-0.8025
1.6423,-0.0668,-0.9227
1.6410,-0.0779,-0.9129
2.0743,0.4174,-0.5023
1.7925,0.0107,-0.9185
1.8703,0.2438,-0.6587
1.9491,0.3554,-0.5985
1.8152,0.2612,-0.7376
1.7170,0.1095,-0.8893
1.5586,-0.1676,-1.1071
1.9982,0.4584,-0.4941
1.8564,0.3039,-0.7096
1.9862,0.4202,-0.6307
2.0572,0.5134,-0.5371
1.6801,0.0881,-0.9939
1.9967,0.5700,-0.5935
1.6990,0.1408,-0.9501
1.7431,0.2260,-0.8586
1.9350,0.4658,-0.6601
1.7620,0.3117,-0.8483
1.8336,0.4397,-0.7025
1.5060,-0.0151,-1.1809
1.9521,0.5551,-0.6210
1.7248,0.3364,-0.8537
1.7350,0.3133,-0.9180
1.8762,0.4464,-0.7179
1.7891,0.4718,-0.8336
1.8828,0.6155,-0.7024
1.7325,0.4337,-0.9123
1.7691,0.4780,-0.8459
1.4962,0.1008,-1.1313
1.7585,0.5567,-0.7954
1.7730,0.5302,-0.8412
1.6657,0.4256,-0.9455
1.6115,0.2579,-1.0831
1.8921,0.6898,-0.6784
1.6102,0.3302,-1.0902
1.8924,0.6777,-0.7594
1.7087,0.4921,-1.0194
1.7282,0.6001,-0.9628
1.6779,0.5953,-0.9570
1.7131,0.6091,-0.9218
1.4364,0.2627,-1.2250
1.8683,0.7932,-0.7351
1.7713,0.6460,-0.8918
1.7659,0.6961,-0.8552
1.6045,0.5349,-1.1189
1.8204,0.7949,-0.8015
1.4520,0.3105,-1.2416
1.6984,0.7420,-0.9244
1.7014,0.7275,-0.9207
1.4615,0.3866,-1.2240
1.5039,0.4010,-1.2425
1.4302,0.4726,-1.2657
1.5305,0.5783,-1.1391
1.4454,0.4962,-1.2468
1.4151,0.3216,-1.3320
1.5909,0.7025,-1.0740
1.7749,0.9467,-0.8390
1.7171,0.8667,-0.9251
1.4002,0.5337,-1.2278
1.5922,0.7935,-1.0142
1.7477,1.0601,-0.8197
1.5808,0.6901,-1.0413
1.4952,0.8018,-1.0102
1.6388,0.8902,-0.9920
1.4004,0.6433,-1.2743
1.5411,0.7994,-1.0981
1.6638,1.0173,-0.9094
1.5890,1.0055,-0.9684
1.4024,0.6954,-1.2393
1.5157,0.8795,-1.0972
1.6814,1.0703,-0.8718
1.3916,0.8188,-1.2165
1.6712,1.0703,-0.9073
1.6375,1.0331,-0.9506
1.3403,0.7102,-1.3088
1.2939,0.6653,-1.3413
1.3401,0.7053,-1.3140
1.4132,0.8400,-1.1694
1.1997,0.6172,-1.4017
1.2785,0.6950,-1.3359
1.2329,0.7617,-1.3232
1.3386,0.7827,-1.3087
1.2516,0.7607,-1.3363
1.4739,1.0476,-1.0329
1.2519,0.7765,-1.2823
1.6080,1.2188,-0.9433
1.5758,1.2098,-1.0494
1.4582,1.0546,-1.0590
1.0966,0.6201,-1.5682
1.2999,0.8653,-1.3207
1.2961,0.9695,-1.1896
1.2888,1.0141,-1.2185
1.0654,0.6991,-1.5222
1.3362,1.0642,-1.1500
1.3986,1.1549,-1.0820
1.2126,0.9333,-1.3190
1.3502,1.0988,-1.1427
1.0149,0.7561,-1.5235
0.9948,0.8384,-1.3937
1.2561,1.1163,-1.1912
1.1154,0.9294,-1.4099
1.1051,0.8852,-1.3545
1.2515,1.1164,-1.1484
1.2189,1.0748,-1.2470
1.3170,1.2326,-1.1608
1.3324,1.3202,-1.0246
1.0166,0.9685,-1.4048
0.9560,0.8745,-1.4979
1.0841,0.9530,-1.4554
1.0322,1.0042,-1.3503
0.9171,0.9034,-1.5391
1.0907,1.0994,-1.2808
1.2636,1.4085,-1.0510
1.2031,1.3599,-1.0443
1.1415,1.3138,-1.1779
0.9079,0.9345,-1.4428
0.9210,1.0446,-1.4430
0.9065,0.9834,-1.4044
1.0432,1.1112,-1.3322
1.2141,1.4494,-1.0775
0.9163,1.1197,-1.3830
0.8514,1.0098,-1.5608
1.0751,1.2612,-1.2595
0.7895,1.0142,-1.5702
1.2055,1.5610,-1.0428
0.8762,1.1279,-1.3937
0.8823,1.1483,-1.4698
0.7914,1.0956,-1.4633
